[
    {
        "question": "How can I apply for a job?",
        "answer": "Visit the JobsForHer platform and click 'Apply' under your preferred job listing."
    },
    {
        "question": "How to join mentorship programs?",
        "answer": "Mentorship opportunities are listed under 'Community Events'."
    },
    {
        "question": "Is there a fee for joining events?",
        "answer": "No, participation in JobsForHer events is completely free."
    },
    {
        "question": "Can I update my profile later?",
        "answer": "Yes, you can update your interests and skills through your dashboard."
    },
    {
        "question": "What fields are available for women professionals?",
        "answer": "Opportunities in Technology, Marketing, HR, STEM, and Entrepreneurship."
    }
]